<ImportExportXml xmlns:xsi="http://www.w3.org/2001/XMLSchema-instance">
  <Entities></Entities>
  <Roles></Roles>
  <Workflows></Workflows>
  <FieldSecurityProfiles></FieldSecurityProfiles>
  <Templates />
  <EntityMaps />
  <EntityRelationships />
  <OrganizationSettings />
  <optionsets />
  <CustomControls />
  <EntityDataProviders />
  <Connectors>
    <Connector>
      <connectorid>ca10f7e7-2878-46fc-bde2-f1e104a6c6f4</connectorid>
      <description>Customised health check API.</description>
      <displayname>HealthCare API-Solution</displayname>
      <iconbrandcolor>#FFFFFF</iconbrandcolor>
      <name>new_5Fhealthcare-20api-2Dsolution</name>
      <connectortype>1</connectortype>
      <scriptoperations>[]</scriptoperations>
      <openapidefinition>/Connector/new_5Fhealthcare-20api-2Dsolution_openapidefinition.json</openapidefinition>
      <connectionparameters>/Connector/new_5Fhealthcare-20api-2Dsolution_connectionparameters.json</connectionparameters>
      <policytemplateinstances>/Connector/new_5Fhealthcare-20api-2Dsolution_policytemplateinstances.json</policytemplateinstances>
      <customcodeblobcontent>/Connector/new_5Fhealthcare-20api-2Dsolution_customcodeblobcontent.csx</customcodeblobcontent>
      <iconblob>/Connector/new_5Fhealthcare-20api-2Dsolution_iconblob.Jpeg</iconblob>
    </Connector>
  </Connectors>
  <Languages>
    <Language>1033</Language>
  </Languages>
</ImportExportXml>