{"swagger":"2.0","info":{"title":"Default title","description":"Customised health check API.","version":"1.0"},"host":"@environmentVariables(\"new_HealthCareURL\")","basePath":"/","schemes":["https"],"consumes":[],"produces":[],"paths":{"/HealthCheck":{"get":{"responses":{"default":{"description":"default","schema":{"type":"array","items":{"type":"object","properties":{"id":{"type":"string","description":"id"},"patientid":{"type":"string","description":"patientid"},"date":{"type":"string","description":"date"},"healthstatus":{"type":"string","description":"healthstatus"},"symptoms":{"type":"array","items":{"type":"string"},"description":"symptoms"}}}}}},"summary":"GetAllStatus","description":"Retrieve all health check statuses.","operationId":"getallstatus","parameters":[]}},"/Patient":{"get":{"responses":{"default":{"description":"default","schema":{"type":"array","items":{"type":"object","properties":{"id":{"type":"string","description":"id"},"patientid":{"type":"string","description":"patientid"},"name":{"type":"string","description":"name"}}}}}},"summary":"GetAllPatients","description":"Retrieve all patient profiles.","operationId":"getallpatients","parameters":[]}}},"definitions":{},"parameters":{},"responses":{},"securityDefinitions":{"api_key":{"type":"apiKey","in":"header","name":"Ocp-Apim-Subscription-Key"}},"security":[],"tags":[]}